{
	"pages": [
		//pages数组中第一项表示应用启动页，参考：https://uniapp.dcloud.io/collocation/pages
		{
			"path": "pages/index/index",
			"style": {
				"navigationBarTitleText": ""
			}
		},
		{
			"path": "pages/basics/layout",
			"style": {
				"navigationBarTitleText": ""
			}
		},
		{
			"path": "pages/basics/home",
			"style": {
				"navigationBarTitleText": ""
			}
		},
		{
			"path": "pages/basics/background",
			"style": {
				"navigationBarTitleText": ""
			}
		},
		{
			"path": "pages/basics/text",
			"style": {
				"navigationBarTitleText": ""
			}
		},
		{
			"path": "pages/basics/icon",
			"style": {
				"navigationBarTitleText": ""
			}
		},
		{
			"path": "pages/basics/button",
			"style": {
				"navigationBarTitleText": ""
			}
		},
		{
			"path": "pages/basics/design",
			"style": {
				"navigationBarTitleText": ""
			}
		},
		{
			"path": "pages/basics/tag",
			"style": {
				"navigationBarTitleText": ""
			}
		},
		{
			"path": "pages/basics/avatar",
			"style": {
				"navigationBarTitleText": ""
			}
		},
		{
			"path": "pages/basics/progress",
			"style": {
				"navigationBarTitleText": ""
			}
		},
		{
			"path": "pages/basics/shadow",
			"style": {
				"navigationBarTitleText": ""
			}
		},
		{
			"path": "pages/basics/loading",
			"style": {
				"navigationBarTitleText": ""
			}
		},
		{
			"path": "pages/component/bar",
			"style": {
				"navigationBarTitleText": ""
			}
		},
		{
			"path": "pages/component/nav",
			"style": {
				"navigationBarTitleText": ""
			}
		},
		{
			"path": "pages/component/list",
			"style": {
				"navigationBarTitleText": ""
			}
		},
		{
			"path": "pages/component/card",
			"style": {
				"navigationBarTitleText": ""
			}
		},
		{
			"path": "pages/component/form",
			"style": {
				"navigationBarTitleText": ""
			}
		},
		{
			"path": "pages/component/timeline",
			"style": {
				"navigationBarTitleText": ""
			}
		},
		{
			"path": "pages/component/chat",
			"style": {
				"navigationBarTitleText": ""
			}
		},
		{
			"path": "pages/component/swiper",
			"style": {
				"navigationBarTitleText": ""
			}
		},
		{
			"path": "pages/component/modal",
			"style": {
				"navigationBarTitleText": ""
			}
		},
		{
			"path": "pages/component/steps",
			"style": {
				"navigationBarTitleText": ""
			}
		}, {
			"path": "pages/plugin/indexes",
			"style": {
				"navigationBarTitleText": ""
			}
		}, {
			"path": "pages/plugin/animation",
			"style": {
				"navigationBarTitleText": ""
			}
		}, {
			"path": "pages/plugin/drawer",
			"style": {
				"navigationBarTitleText": ""
			}
		}, {
			"path": "pages/plugin/verticalnav",
			"style": {
				"navigationBarTitleText": ""
			}
		}
	],
	"globalStyle": {
		"mp-alipay": {
			/* 支付宝小程序特有相关 */
			"transparentTitle": "always",
			"allowsBounceVertical": "NO"
		},
		"navigationBarBackgroundColor": "#0081ff",
		"navigationBarTitleText": "ColorUi for UniApp",
		"navigationStyle": "custom",
		"navigationBarTextStyle": "white"
	},
	"usingComponts": true
}
